sale_date,match_date,home_team,away_team,stadium_name,tickets_sold,total_quantity,total_revenue,avg_transaction_value,general_tickets,student_tickets,vip_tickets,last_updated_at
2025-12-26,2026-09-07,England,Uruguay,Mercedes-Benz Stadium,33,179,178685.9,5414.724242424242,62,39,78,2025-12-26 22:46:21.900544-08
2025-12-26,2026-07-09,Switzerland,Belgium,Lumen Field,33,178,168439.0,5104.212121212121,54,45,79,2025-12-26 22:46:21.900544-08
2025-12-26,2026-08-29,Argentina,France,Hard Rock Stadium,40,209,166164.0,4154.1,59,45,105,2025-12-26 22:46:21.900544-08
2025-12-26,2026-07-15,Uruguay,South Africa,GEHA Field at Arrowhead Stadium,41,223,162048.99999999997,3952.4146341463406,78,55,90,2025-12-26 22:46:21.900544-08
2025-12-26,2026-07-29,Spain,South Africa,AT&T Stadium,29,151,144656.2,4988.144827586208,17,63,71,2025-12-26 22:46:21.900544-08
2025-12-26,2026-09-06,South Africa,Croatia,Mercedes-Benz Stadium,29,144,136895.69999999998,4720.541379310344,49,44,51,2025-12-26 22:46:21.900544-08
2025-12-26,2026-06-18,Spain,France,AT&T Stadium,32,146,134849.0,4214.03125,42,57,47,2025-12-26 22:46:21.900544-08
2025-12-26,2026-08-19,Croatia,Uruguay,Mercedes-Benz Stadium,24,143,126682.4,5278.433333333333,63,53,27,2025-12-26 22:46:21.900544-08
2025-12-26,2026-06-17,Spain,Uruguay,Lumen Field,27,134,123957.5,4591.018518518518,25,47,62,2025-12-26 22:46:21.900544-08
2025-12-26,2026-06-11,Argentina,South Africa,AT&T Stadium,27,120,120232.49999999999,4453.055555555555,37,29,54,2025-12-26 22:46:21.900544-08
2025-12-26,2026-08-14,South Africa,Spain,GEHA Field at Arrowhead Stadium,30,157,112081.0,3736.0333333333333,64,39,54,2025-12-26 22:46:21.900544-08
2025-12-26,2026-07-31,South Africa,Belgium,SoFi Stadium,28,162,110552.40000000001,3948.3,34,47,81,2025-12-26 22:46:21.900544-08
2025-12-26,2026-06-27,Spain,Belgium,SoFi Stadium,31,164,108369.6,3495.793548387097,60,44,60,2025-12-26 22:46:21.900544-08
2025-12-26,2026-08-04,Switzerland,Spain,Lumen Field,27,120,107668.5,3987.722222222222,39,40,41,2025-12-26 22:46:21.900544-08
2025-12-26,2026-08-21,Croatia,Spain,BMO Field,30,168,104549.09999999999,3484.97,61,52,55,2025-12-26 22:46:21.900544-08
2025-12-26,2026-06-20,Uruguay,Switzerland,BC Place,29,151,101541.60000000002,3501.4344827586215,24,54,73,2025-12-26 22:46:21.900544-08
2025-12-26,2026-08-30,Croatia,Spain,Hard Rock Stadium,29,137,100942.80000000002,3480.7862068965524,72,31,34,2025-12-26 22:46:21.900544-08
2025-12-26,2026-06-28,Switzerland,England,Hard Rock Stadium,28,135,97721.99999999999,3490.071428571428,48,46,41,2025-12-26 22:46:21.900544-08
2025-12-26,2026-06-24,England,Uruguay,GEHA Field at Arrowhead Stadium,34,149,96743.59999999998,2845.399999999999,37,72,40,2025-12-26 22:46:21.900544-08
2025-12-26,2026-07-02,South Africa,Belgium,GEHA Field at Arrowhead Stadium,26,134,95494.40000000002,3672.8615384615396,40,41,53,2025-12-26 22:46:21.900544-08
2025-12-26,2026-06-15,Spain,South Africa,GEHA Field at Arrowhead Stadium,26,132,94939.2,3651.507692307692,34,41,57,2025-12-26 22:46:21.900544-08
2025-12-26,2026-07-01,Uruguay,Argentina,Mercedes-Benz Stadium,20,90,93887.39999999998,4694.369999999999,26,15,49,2025-12-26 22:46:21.900544-08
2025-12-26,2026-07-12,Argentina,Senegal,BMO Field,29,142,93469.0,3223.0689655172414,40,36,66,2025-12-26 22:46:21.900544-08
2025-12-26,2026-09-04,England,Spain,SoFi Stadium,29,147,93411.0,3221.0689655172414,36,58,53,2025-12-26 22:46:21.900544-08
2025-12-26,2026-07-25,Switzerland,Belgium,Hard Rock Stadium,23,137,93256.8,4054.64347826087,57,56,24,2025-12-26 22:46:21.900544-08
2025-12-26,2026-06-14,Senegal,Spain,SoFi Stadium,31,157,92512.2,2984.264516129032,50,75,32,2025-12-26 22:46:21.900544-08
2025-12-26,2026-09-01,France,Switzerland,BC Place,23,141,90007.2,3913.35652173913,44,52,45,2025-12-26 22:46:21.900544-08
2025-12-26,2026-08-31,Spain,France,BC Place,24,138,89424.0,3726.0,40,49,49,2025-12-26 22:46:21.900544-08
2025-12-26,2026-06-25,South Africa,Argentina,MetLife Stadium,32,179,88722.0,2772.5625,58,85,36,2025-12-26 22:46:21.900544-08
2025-12-26,2026-07-19,South Africa,Belgium,BC Place,24,135,87868.79999999999,3661.1999999999994,47,43,45,2025-12-26 22:46:21.900544-08
2025-12-26,2026-08-03,France,South Africa,AT&T Stadium,20,101,87321.79999999999,4366.089999999999,39,45,17,2025-12-26 22:46:21.900544-08
2025-12-26,2026-08-02,France,Uruguay,GEHA Field at Arrowhead Stadium,23,126,86403.00000000003,3756.652173913045,51,40,35,2025-12-26 22:46:21.900544-08
2025-12-26,2026-09-03,Croatia,Spain,BMO Field,27,146,83317.4,3085.8296296296294,20,82,44,2025-12-26 22:46:21.900544-08
2025-12-26,2026-07-05,South Africa,Spain,NRG Stadium,28,151,82705.10000000002,2953.7535714285723,74,40,37,2025-12-26 22:46:21.900544-08
2025-12-26,2026-08-25,Croatia,England,BC Place,23,117,79704.00000000001,3465.391304347827,23,37,57,2025-12-26 22:46:21.900544-08
2025-12-26,2026-06-22,Spain,Uruguay,Mercedes-Benz Stadium,18,84,79551.3,4419.516666666666,17,32,35,2025-12-26 22:46:21.900544-08
2025-12-26,2026-07-03,Senegal,France,BC Place,25,127,76463.99999999999,3058.5599999999995,45,56,26,2025-12-26 22:46:21.900544-08
2025-12-26,2026-08-27,Spain,Switzerland,BC Place,24,113,75945.59999999999,3164.3999999999996,37,31,45,2025-12-26 22:46:21.900544-08
2025-12-26,2026-09-02,France,Uruguay,BC Place,26,105,69789.6,2684.2153846153847,34,31,40,2025-12-26 22:46:21.900544-08
2025-12-26,2026-07-10,Senegal,Belgium,BMO Field,21,118,69328.0,3301.3333333333335,42,48,28,2025-12-26 22:46:21.900544-08
2025-12-26,2026-07-08,Uruguay,Croatia,SoFi Stadium,19,98,66575.4,3503.968421052631,41,19,38,2025-12-26 22:46:21.900544-08
2025-12-26,2026-06-16,Uruguay,Switzerland,SoFi Stadium,18,99,64135.799999999996,3563.1,42,27,30,2025-12-26 22:46:21.900544-08
2025-12-26,2026-06-13,Argentina,Spain,BMO Field,20,105,60166.8,3008.34,41,45,19,2025-12-26 22:46:21.900544-08
2025-12-26,2026-08-10,England,Senegal,SoFi Stadium,23,107,60027.0,2609.8695652173915,38,57,12,2025-12-26 22:46:21.900544-08
2025-12-26,2026-07-16,France,Argentina,SoFi Stadium,25,100,58999.799999999996,2359.9919999999997,31,48,21,2025-12-26 22:46:21.900544-08
2025-12-26,2026-09-09,Senegal,South Africa,NRG Stadium,22,98,57469.29999999999,2612.2409090909086,29,24,45,2025-12-26 22:46:21.900544-08
2025-12-26,2026-08-07,Spain,Senegal,BC Place,17,89,54950.40000000001,3232.376470588236,41,31,17,2025-12-26 22:46:21.900544-08
2025-12-26,2026-08-18,Croatia,South Africa,BMO Field,21,89,54719.600000000006,2605.6952380952384,31,30,28,2025-12-26 22:46:21.900544-08
2025-12-26,2026-08-24,Uruguay,Argentina,GEHA Field at Arrowhead Stadium,20,94,52952.200000000004,2647.61,23,65,6,2025-12-26 22:46:21.900544-08
2025-12-26,2026-07-06,Belgium,Senegal,NRG Stadium,16,64,31627.400000000005,1976.7125000000003,10,38,16,2025-12-26 22:46:21.900544-08
2025-12-25,2026-08-19,Croatia,Uruguay,Mercedes-Benz Stadium,163,811,784081.5999999999,4810.316564417177,293,216,302,2025-12-26 22:46:21.900544-08
2025-12-25,2026-06-18,Spain,France,AT&T Stadium,158,791,776749.1000000001,4916.133544303798,222,230,339,2025-12-26 22:46:21.900544-08
2025-12-25,2026-07-01,Uruguay,Argentina,Mercedes-Benz Stadium,154,775,718866.4000000001,4667.963636363637,253,274,248,2025-12-26 22:46:21.900544-08
2025-12-25,2026-08-04,Switzerland,Spain,Lumen Field,161,778,676709.5,4203.164596273292,277,287,214,2025-12-26 22:46:21.900544-08
2025-12-25,2026-09-07,England,Uruguay,Mercedes-Benz Stadium,136,698,663583.4000000001,4879.289705882354,170,247,281,2025-12-26 22:46:21.900544-08
2025-12-25,2026-09-06,South Africa,Croatia,Mercedes-Benz Stadium,146,728,653744.9,4477.704794520548,233,298,197,2025-12-26 22:46:21.900544-08
2025-12-25,2026-07-09,Switzerland,Belgium,Lumen Field,133,727,653350.0,4912.4060150375935,211,253,263,2025-12-26 22:46:21.900544-08
2025-12-25,2026-08-03,France,South Africa,AT&T Stadium,130,681,648972.6,4992.096923076923,197,230,254,2025-12-26 22:46:21.900544-08
2025-12-25,2026-06-11,Argentina,South Africa,AT&T Stadium,148,670,633507.4000000004,4280.455405405408,218,223,229,2025-12-26 22:46:21.900544-08
2025-12-25,2026-06-22,Spain,Uruguay,Mercedes-Benz Stadium,146,701,632100.2,4329.453424657534,269,260,172,2025-12-26 22:46:21.900544-08
2025-12-25,2026-07-29,Spain,South Africa,AT&T Stadium,115,632,604180.0999999999,5253.739999999999,207,198,227,2025-12-26 22:46:21.900544-08
2025-12-25,2026-06-28,Switzerland,England,Hard Rock Stadium,169,825,603680.3999999999,3572.0733727810643,272,277,276,2025-12-26 22:46:21.900544-08
2025-12-25,2026-06-17,Spain,Uruguay,Lumen Field,134,653,600545.0,4481.679104477612,225,184,244,2025-12-26 22:46:21.900544-08
2025-12-25,2026-08-29,Argentina,France,Hard Rock Stadium,159,806,593725.2000000002,3734.1207547169824,243,273,290,2025-12-26 22:46:21.900544-08
2025-12-25,2026-08-30,Croatia,Spain,Hard Rock Stadium,146,768,566567.9999999999,3880.602739726027,294,227,247,2025-12-26 22:46:21.900544-08
2025-12-25,2026-06-15,Spain,South Africa,GEHA Field at Arrowhead Stadium,151,779,539793.1999999997,3574.789403973508,289,247,243,2025-12-26 22:46:21.900544-08
2025-12-25,2026-08-07,Spain,Senegal,BC Place,165,814,535247.9999999999,3243.927272727272,370,202,242,2025-12-26 22:46:21.900544-08
2025-12-25,2026-07-15,Uruguay,South Africa,GEHA Field at Arrowhead Stadium,138,709,508701.99999999977,3686.2463768115927,173,228,308,2025-12-26 22:46:21.900544-08
2025-12-25,2026-07-25,Switzerland,Belgium,Hard Rock Stadium,140,678,506617.2,3618.694285714286,195,218,265,2025-12-26 22:46:21.900544-08
2025-12-25,2026-06-27,Spain,Belgium,SoFi Stadium,150,784,497550.0000000001,3317.000000000001,318,248,218,2025-12-26 22:46:21.900544-08
2025-12-25,2026-07-02,South Africa,Belgium,GEHA Field at Arrowhead Stadium,144,707,488159.6,3389.9972222222223,253,233,221,2025-12-26 22:46:21.900544-08
2025-12-25,2026-08-14,South Africa,Spain,GEHA Field at Arrowhead Stadium,134,674,487118.60000000003,3635.213432835821,209,186,279,2025-12-26 22:46:21.900544-08
2025-12-25,2026-06-14,Senegal,Spain,SoFi Stadium,146,705,483426.00000000006,3311.13698630137,211,167,327,2025-12-26 22:46:21.900544-08
2025-12-25,2026-08-25,Croatia,England,BC Place,141,743,476992.80000000005,3382.9276595744686,220,273,250,2025-12-26 22:46:21.900544-08
2025-12-25,2026-06-24,England,Uruguay,GEHA Field at Arrowhead Stadium,129,667,476014.59999999986,3690.0356589147277,266,169,232,2025-12-26 22:46:21.900544-08
2025-12-25,2026-07-08,Uruguay,Croatia,SoFi Stadium,149,722,472383.60000000003,3170.3597315436245,250,213,259,2025-12-26 22:46:21.900544-08
2025-12-25,2026-09-01,France,Switzerland,BC Place,153,741,470059.19999999995,3072.282352941176,257,268,216,2025-12-26 22:46:21.900544-08
2025-12-25,2026-06-16,Uruguay,Switzerland,SoFi Stadium,146,703,466541.4000000002,3195.489041095892,222,201,280,2025-12-26 22:46:21.900544-08
2025-12-25,2026-08-24,Uruguay,Argentina,GEHA Field at Arrowhead Stadium,130,653,460052.6,3538.866153846154,206,207,240,2025-12-26 22:46:21.900544-08
2025-12-25,2026-08-10,England,Senegal,SoFi Stadium,145,708,458195.3999999999,3159.9682758620684,193,248,267,2025-12-26 22:46:21.900544-08
2025-12-25,2026-09-04,England,Spain,SoFi Stadium,138,680,455049.60000000003,3297.4608695652178,296,144,240,2025-12-26 22:46:21.900544-08
2025-12-25,2026-08-27,Spain,Switzerland,BC Place,137,715,454766.4000000002,3319.462773722629,215,272,228,2025-12-26 22:46:21.900544-08
2025-12-25,2026-08-31,Spain,France,BC Place,144,705,453924.0,3152.25,218,251,236,2025-12-26 22:46:21.900544-08
2025-12-25,2026-06-20,Uruguay,Switzerland,BC Place,141,692,444722.4000000001,3154.059574468086,195,258,239,2025-12-26 22:46:21.900544-08
2025-12-25,2026-07-06,Belgium,Senegal,NRG Stadium,155,784,441240.7999999998,2846.7148387096763,316,206,262,2025-12-26 22:46:21.900544-08
2025-12-25,2026-08-02,France,Uruguay,GEHA Field at Arrowhead Stadium,123,630,439302.0000000002,3571.5609756097574,188,216,226,2025-12-26 22:46:21.900544-08
2025-12-25,2026-07-05,South Africa,Spain,NRG Stadium,160,793,437273.6,2732.96,291,250,252,2025-12-26 22:46:21.900544-08
2025-12-25,2026-08-21,Croatia,Spain,BMO Field,144,695,435590.30000000016,3024.93263888889,236,215,244,2025-12-26 22:46:21.900544-08
2025-12-25,2026-06-13,Argentina,Spain,BMO Field,143,694,435157.0000000001,3043.055944055945,186,239,269,2025-12-26 22:46:21.900544-08
2025-12-25,2026-07-31,South Africa,Belgium,SoFi Stadium,139,655,431873.39999999997,3107.0028776978415,162,217,276,2025-12-26 22:46:21.900544-08
2025-12-25,2026-09-02,France,Uruguay,BC Place,141,681,428457.60000000003,3038.7063829787235,265,241,175,2025-12-26 22:46:21.900544-08
2025-12-25,2026-07-16,France,Argentina,SoFi Stadium,134,670,423591.6000000001,3161.1313432835827,196,254,220,2025-12-26 22:46:21.900544-08
2025-12-25,2026-07-19,South Africa,Belgium,BC Place,127,628,407332.80000000005,3207.344881889764,198,214,216,2025-12-26 22:46:21.900544-08
2025-12-25,2026-07-10,Senegal,Belgium,BMO Field,139,657,407054.3999999997,2928.448920863307,197,229,231,2025-12-26 22:46:21.900544-08
2025-12-25,2026-08-18,Croatia,South Africa,BMO Field,129,667,403959.39999999997,3131.4682170542633,233,241,193,2025-12-26 22:46:21.900544-08
2025-12-25,2026-09-03,Croatia,Spain,BMO Field,129,653,396221.90000000014,3071.487596899226,212,242,199,2025-12-26 22:46:21.900544-08
2025-12-25,2026-07-12,Argentina,Senegal,BMO Field,114,595,380561.19999999984,3338.2561403508757,183,173,239,2025-12-26 22:46:21.900544-08
2025-12-25,2026-07-03,Senegal,France,BC Place,114,565,371368.79999999993,3257.6210526315786,210,164,191,2025-12-26 22:46:21.900544-08
2025-12-25,2026-06-25,South Africa,Argentina,MetLife Stadium,136,665,353754.0,2601.1323529411766,244,227,194,2025-12-26 22:46:21.900544-08
2025-12-25,2026-09-09,Senegal,South Africa,NRG Stadium,119,529,286850.6,2410.5092436974787,179,189,161,2025-12-26 22:46:21.900544-08
2025-12-24,2026-08-04,Switzerland,Spain,Lumen Field,169,854,750905.0,4443.224852071006,240,332,282,2025-12-26 22:46:21.900544-08
2025-12-24,2026-07-01,Uruguay,Argentina,Mercedes-Benz Stadium,157,774,750255.9,4778.7,289,198,287,2025-12-26 22:46:21.900544-08
2025-12-24,2026-06-11,Argentina,South Africa,AT&T Stadium,156,787,727713.1,4664.827564102564,298,270,219,2025-12-26 22:46:21.900544-08
2025-12-24,2026-08-19,Croatia,Uruguay,Mercedes-Benz Stadium,152,786,719334.8999999999,4732.466447368421,335,256,195,2025-12-26 22:46:21.900544-08
2025-12-24,2026-09-06,South Africa,Croatia,Mercedes-Benz Stadium,146,756,706685.4,4840.31095890411,268,247,241,2025-12-26 22:46:21.900544-08
2025-12-24,2026-09-07,England,Uruguay,Mercedes-Benz Stadium,142,711,685884.0000000001,4830.169014084508,247,197,267,2025-12-26 22:46:21.900544-08
2025-12-24,2026-07-29,Spain,South Africa,AT&T Stadium,130,677,661891.7,5091.474615384615,248,173,256,2025-12-26 22:46:21.900544-08
2025-12-24,2026-07-09,Switzerland,Belgium,Lumen Field,155,740,647532.5,4177.629032258064,241,277,222,2025-12-26 22:46:21.900544-08
2025-12-24,2026-06-22,Spain,Uruguay,Mercedes-Benz Stadium,129,637,607831.8999999998,4711.875193798448,204,197,236,2025-12-26 22:46:21.900544-08
2025-12-24,2026-08-03,France,South Africa,AT&T Stadium,140,649,598993.6000000002,4278.525714285715,233,231,185,2025-12-26 22:46:21.900544-08
2025-12-24,2026-06-17,Spain,Uruguay,Lumen Field,129,654,568146.0,4404.232558139535,196,261,197,2025-12-26 22:46:21.900544-08
2025-12-24,2026-06-18,Spain,France,AT&T Stadium,124,597,556464.3,4487.615322580646,194,213,190,2025-12-26 22:46:21.900544-08
2025-12-24,2026-06-20,Uruguay,Switzerland,BC Place,163,831,546264.0000000001,3351.3128834355834,211,290,330,2025-12-26 22:46:21.900544-08
2025-12-24,2026-08-29,Argentina,France,Hard Rock Stadium,149,732,540435.6000000003,3627.0845637583916,279,216,237,2025-12-26 22:46:21.900544-08
2025-12-24,2026-06-15,Spain,South Africa,GEHA Field at Arrowhead Stadium,167,810,537364.2,3217.749700598802,231,349,230,2025-12-26 22:46:21.900544-08
2025-12-24,2026-08-30,Croatia,Spain,Hard Rock Stadium,143,734,535970.4,3748.0447552447554,216,262,256,2025-12-26 22:46:21.900544-08
2025-12-24,2026-07-25,Switzerland,Belgium,Hard Rock Stadium,151,737,524770.8,3475.3033112582784,266,269,202,2025-12-26 22:46:21.900544-08
2025-12-24,2026-07-02,South Africa,Belgium,GEHA Field at Arrowhead Stadium,136,728,521471.59999999986,3834.349999999999,142,254,332,2025-12-26 22:46:21.900544-08
2025-12-24,2026-07-31,South Africa,Belgium,SoFi Stadium,160,809,510133.20000000007,3188.3325000000004,259,299,251,2025-12-26 22:46:21.900544-08
2025-12-24,2026-09-03,Croatia,Spain,BMO Field,161,836,506713.4000000001,3147.2881987577643,256,319,261,2025-12-26 22:46:21.900544-08
2025-12-24,2026-09-02,France,Uruguay,BC Place,159,814,505116.0,3176.830188679245,255,337,222,2025-12-26 22:46:21.900544-08
2025-12-24,2026-07-08,Uruguay,Croatia,SoFi Stadium,157,800,504547.80000000005,3213.6802547770703,291,278,231,2025-12-26 22:46:21.900544-08
2025-12-24,2026-07-03,Senegal,France,BC Place,148,776,503236.80000000016,3400.2486486486496,274,250,252,2025-12-26 22:46:21.900544-08
2025-12-24,2026-06-13,Argentina,Spain,BMO Field,156,830,500213.9000000002,3206.4993589743603,259,322,249,2025-12-26 22:46:21.900544-08
2025-12-24,2026-08-02,France,Uruguay,GEHA Field at Arrowhead Stadium,137,716,499818.7999999999,3648.312408759123,278,212,226,2025-12-26 22:46:21.900544-08
2025-12-24,2026-06-24,England,Uruguay,GEHA Field at Arrowhead Stadium,138,717,489894.6000000002,3549.960869565219,242,256,219,2025-12-26 22:46:21.900544-08
2025-12-24,2026-07-16,France,Argentina,SoFi Stadium,144,769,487727.39999999997,3386.995833333333,274,263,232,2025-12-26 22:46:21.900544-08
2025-12-24,2026-06-28,Switzerland,England,Hard Rock Stadium,130,669,484876.8000000001,3729.821538461539,195,248,226,2025-12-26 22:46:21.900544-08
2025-12-24,2026-06-27,Spain,Belgium,SoFi Stadium,143,744,481692.60000000015,3368.4797202797213,247,238,259,2025-12-26 22:46:21.900544-08
2025-12-24,2026-08-31,Spain,France,BC Place,141,740,476992.8,3382.927659574468,247,253,240,2025-12-26 22:46:21.900544-08
2025-12-24,2026-07-15,Uruguay,South Africa,GEHA Field at Arrowhead Stadium,144,703,476847.3999999998,3311.4402777777764,196,280,227,2025-12-26 22:46:21.900544-08
2025-12-24,2026-08-27,Spain,Switzerland,BC Place,154,720,474530.40000000014,3081.3662337662345,253,213,254,2025-12-26 22:46:21.900544-08
2025-12-24,2026-08-14,South Africa,Spain,GEHA Field at Arrowhead Stadium,143,685,461024.20000000007,3223.945454545455,252,251,182,2025-12-26 22:46:21.900544-08
2025-12-24,2026-09-01,France,Switzerland,BC Place,136,714,458006.4000000001,3367.6941176470596,232,253,229,2025-12-26 22:46:21.900544-08
2025-12-24,2026-07-10,Senegal,Belgium,BMO Field,153,719,444875.3,2907.6816993464054,284,218,217,2025-12-26 22:46:21.900544-08
2025-12-24,2026-06-16,Uruguay,Switzerland,SoFi Stadium,136,698,440219.39999999997,3236.907352941176,271,234,193,2025-12-26 22:46:21.900544-08
2025-12-24,2026-08-18,Croatia,South Africa,BMO Field,142,677,438747.2,3089.769014084507,195,188,294,2025-12-26 22:46:21.900544-08
2025-12-24,2026-08-07,Spain,Senegal,BC Place,146,686,437140.79999999993,2994.1150684931504,254,235,197,2025-12-26 22:46:21.900544-08
2025-12-24,2026-09-04,England,Spain,SoFi Stadium,138,694,434377.2000000001,3147.6608695652185,238,257,199,2025-12-26 22:46:21.900544-08
2025-12-24,2026-08-24,Uruguay,Argentina,GEHA Field at Arrowhead Stadium,120,613,427503.99999999994,3562.533333333333,223,190,200,2025-12-26 22:46:21.900544-08
2025-12-24,2026-08-21,Croatia,Spain,BMO Field,145,712,425871.9999999999,2937.0482758620683,266,263,183,2025-12-26 22:46:21.900544-08
2025-12-24,2026-07-19,South Africa,Belgium,BC Place,137,667,419968.7999999999,3065.465693430656,244,243,180,2025-12-26 22:46:21.900544-08
2025-12-24,2026-08-10,England,Senegal,SoFi Stadium,128,662,419418.60000000003,3276.7078125000003,287,202,173,2025-12-26 22:46:21.900544-08
2025-12-24,2026-06-14,Senegal,Spain,SoFi Stadium,130,631,410880.0000000001,3160.6153846153857,201,200,230,2025-12-26 22:46:21.900544-08
2025-12-24,2026-07-12,Argentina,Senegal,BMO Field,139,689,410335.1,2952.0510791366905,244,266,179,2025-12-26 22:46:21.900544-08
2025-12-24,2026-08-25,Croatia,England,BC Place,123,674,409536.0000000001,3329.560975609757,242,286,146,2025-12-26 22:46:21.900544-08
2025-12-24,2026-06-25,South Africa,Argentina,MetLife Stadium,135,681,372924.0,2762.4,175,237,269,2025-12-26 22:46:21.900544-08
2025-12-24,2026-09-09,Senegal,South Africa,NRG Stadium,137,655,364872.2,2663.3007299270075,269,181,205,2025-12-26 22:46:21.900544-08
2025-12-24,2026-07-06,Belgium,Senegal,NRG Stadium,131,664,362392.70000000024,2766.3564885496203,293,196,175,2025-12-26 22:46:21.900544-08
2025-12-24,2026-07-05,South Africa,Spain,NRG Stadium,132,640,338920.1,2567.576515151515,169,277,194,2025-12-26 22:46:21.900544-08
2025-12-23,2026-06-18,Spain,France,AT&T Stadium,170,831,809376.9000000001,4761.040588235295,254,243,334,2025-12-26 22:46:21.900544-08
2025-12-23,2026-09-06,South Africa,Croatia,Mercedes-Benz Stadium,151,744,717929.4,4754.499337748344,234,218,292,2025-12-26 22:46:21.900544-08
2025-12-23,2026-06-22,Spain,Uruguay,Mercedes-Benz Stadium,147,760,698346.1000000001,4750.6537414966,207,301,252,2025-12-26 22:46:21.900544-08
2025-12-23,2026-08-03,France,South Africa,AT&T Stadium,150,732,675565.2000000001,4503.768,264,260,208,2025-12-26 22:46:21.900544-08
2025-12-23,2026-07-01,Uruguay,Argentina,Mercedes-Benz Stadium,146,707,657680.2999999998,4504.6595890410945,256,234,217,2025-12-26 22:46:21.900544-08
2025-12-23,2026-06-11,Argentina,South Africa,AT&T Stadium,131,676,645389.2000000003,4926.635114503819,232,208,236,2025-12-26 22:46:21.900544-08
2025-12-23,2026-09-07,England,Uruguay,Mercedes-Benz Stadium,130,686,645311.9000000001,4963.937692307693,263,207,216,2025-12-26 22:46:21.900544-08
2025-12-23,2026-07-29,Spain,South Africa,AT&T Stadium,134,695,634450.4,4734.70447761194,221,274,200,2025-12-26 22:46:21.900544-08
2025-12-23,2026-08-04,Switzerland,Spain,Lumen Field,141,710,625784.0,4438.184397163121,262,242,206,2025-12-26 22:46:21.900544-08
2025-12-23,2026-08-19,Croatia,Uruguay,Mercedes-Benz Stadium,133,650,598087.0999999997,4496.895488721802,267,211,172,2025-12-26 22:46:21.900544-08
2025-12-23,2026-07-09,Switzerland,Belgium,Lumen Field,141,686,596786.0,4232.524822695035,232,259,195,2025-12-26 22:46:21.900544-08
2025-12-23,2026-06-17,Spain,Uruguay,Lumen Field,132,674,590073.5,4470.253787878788,193,265,216,2025-12-26 22:46:21.900544-08
2025-12-23,2026-06-27,Spain,Belgium,SoFi Stadium,167,904,582294.0,3486.7904191616767,392,251,261,2025-12-26 22:46:21.900544-08
2025-12-23,2026-08-29,Argentina,France,Hard Rock Stadium,149,734,558589.2,3748.9208053691273,219,209,306,2025-12-26 22:46:21.900544-08
2025-12-23,2026-08-14,South Africa,Spain,GEHA Field at Arrowhead Stadium,148,779,548953.9999999999,3709.148648648648,293,223,263,2025-12-26 22:46:21.900544-08
2025-12-23,2026-06-28,Switzerland,England,Hard Rock Stadium,144,729,543290.3999999998,3772.8499999999985,237,224,268,2025-12-26 22:46:21.900544-08
2025-12-23,2026-06-14,Senegal,Spain,SoFi Stadium,149,802,525284.4,3525.398657718121,246,251,305,2025-12-26 22:46:21.900544-08
2025-12-23,2026-08-02,France,Uruguay,GEHA Field at Arrowhead Stadium,149,728,514809.20000000007,3455.0953020134234,294,194,240,2025-12-26 22:46:21.900544-08
2025-12-23,2026-07-19,South Africa,Belgium,BC Place,150,789,510494.3999999998,3403.2959999999985,225,284,280,2025-12-26 22:46:21.900544-08
2025-12-23,2026-08-27,Spain,Switzerland,BC Place,156,735,509716.8000000001,3267.4153846153854,229,167,339,2025-12-26 22:46:21.900544-08
2025-12-23,2026-09-02,France,Uruguay,BC Place,150,764,505375.2000000001,3369.168000000001,257,227,280,2025-12-26 22:46:21.900544-08
2025-12-23,2026-07-03,Senegal,France,BC Place,153,800,501098.3999999999,3275.15294117647,189,350,261,2025-12-26 22:46:21.900544-08
2025-12-23,2026-09-01,France,Switzerland,BC Place,160,742,495201.6,3095.0099999999998,194,237,311,2025-12-26 22:46:21.900544-08
2025-12-23,2026-07-25,Switzerland,Belgium,Hard Rock Stadium,136,694,494392.8,3635.241176470588,174,291,229,2025-12-26 22:46:21.900544-08
2025-12-23,2026-08-07,Spain,Senegal,BC Place,151,728,485546.39999999997,3215.539072847682,255,201,272,2025-12-26 22:46:21.900544-08
2025-12-23,2026-06-24,England,Uruguay,GEHA Field at Arrowhead Stadium,145,687,483024.00000000006,3331.2000000000003,217,220,250,2025-12-26 22:46:21.900544-08
2025-12-23,2026-06-16,Uruguay,Switzerland,SoFi Stadium,140,723,471484.79999999993,3367.748571428571,261,212,250,2025-12-26 22:46:21.900544-08
2025-12-23,2026-09-04,England,Spain,SoFi Stadium,145,757,469815.5999999999,3240.107586206896,183,329,245,2025-12-26 22:46:21.900544-08
2025-12-23,2026-06-13,Argentina,Spain,BMO Field,153,762,469078.19999999995,3065.870588235294,272,252,238,2025-12-26 22:46:21.900544-08
2025-12-23,2026-07-05,South Africa,Spain,NRG Stadium,163,821,462288.9999999999,2836.1288343558276,263,249,309,2025-12-26 22:46:21.900544-08
2025-12-23,2026-08-18,Croatia,South Africa,BMO Field,147,722,455088.7999999999,3095.8421768707476,224,227,271,2025-12-26 22:46:21.900544-08
2025-12-23,2026-07-08,Uruguay,Croatia,SoFi Stadium,152,708,454728.6,2991.6355263157893,219,244,245,2025-12-26 22:46:21.900544-08
2025-12-23,2026-08-10,England,Senegal,SoFi Stadium,157,741,453187.79999999993,2886.546496815286,232,313,196,2025-12-26 22:46:21.900544-08
2025-12-23,2026-06-15,Spain,South Africa,GEHA Field at Arrowhead Stadium,144,666,441592.1999999999,3066.6124999999993,187,289,190,2025-12-26 22:46:21.900544-08
2025-12-23,2026-08-30,Croatia,Spain,Hard Rock Stadium,119,602,438248.4,3682.7596638655464,205,204,193,2025-12-26 22:46:21.900544-08
2025-12-23,2026-07-31,South Africa,Belgium,SoFi Stadium,140,663,425645.99999999994,3040.328571428571,209,227,227,2025-12-26 22:46:21.900544-08
2025-12-23,2026-08-21,Croatia,Spain,BMO Field,136,675,422281.8,3105.0132352941177,167,242,266,2025-12-26 22:46:21.900544-08
2025-12-23,2026-08-25,Croatia,England,BC Place,127,667,419191.20000000007,3300.718110236221,212,261,194,2025-12-26 22:46:21.900544-08
2025-12-23,2026-08-24,Uruguay,Argentina,GEHA Field at Arrowhead Stadium,127,610,413971.0,3259.6141732283463,253,201,156,2025-12-26 22:46:21.900544-08
2025-12-23,2026-06-20,Uruguay,Switzerland,BC Place,120,627,411350.4000000002,3427.9200000000014,265,168,194,2025-12-26 22:46:21.900544-08
2025-12-23,2026-08-31,Spain,France,BC Place,138,636,411156.0000000001,2979.391304347827,275,183,178,2025-12-26 22:46:21.900544-08
2025-12-23,2026-07-12,Argentina,Senegal,BMO Field,129,626,401978.5999999998,3116.113178294572,224,162,240,2025-12-26 22:46:21.900544-08
2025-12-23,2026-07-02,South Africa,Belgium,GEHA Field at Arrowhead Stadium,117,569,401340.2,3430.2581196581195,178,180,211,2025-12-26 22:46:21.900544-08
2025-12-23,2026-07-15,Uruguay,South Africa,GEHA Field at Arrowhead Stadium,120,566,397592.59999999986,3313.2716666666656,147,198,221,2025-12-26 22:46:21.900544-08
2025-12-23,2026-07-10,Senegal,Belgium,BMO Field,132,653,397521.8,3011.5287878787876,183,253,217,2025-12-26 22:46:21.900544-08
2025-12-23,2026-06-25,South Africa,Argentina,MetLife Stadium,132,727,394524.0,2988.818181818182,269,223,235,2025-12-26 22:46:21.900544-08
2025-12-23,2026-07-16,France,Argentina,SoFi Stadium,126,639,391170.5999999999,3104.5285714285706,180,279,180,2025-12-26 22:46:21.900544-08
2025-12-23,2026-09-09,Senegal,South Africa,NRG Stadium,137,709,387683.6,2829.8072992700727,253,237,219,2025-12-26 22:46:21.900544-08
2025-12-23,2026-09-03,Croatia,Spain,BMO Field,122,613,380932.60000000015,3122.398360655739,235,185,193,2025-12-26 22:46:21.900544-08
2025-12-23,2026-07-06,Belgium,Senegal,NRG Stadium,141,672,360519.30000000016,2556.8744680851078,227,252,193,2025-12-26 22:46:21.900544-08
2025-12-22,2026-06-18,Spain,France,AT&T Stadium,176,903,833706.3,4736.967613636364,296,335,272,2025-12-26 22:46:21.900544-08
2025-12-22,2026-09-06,South Africa,Croatia,Mercedes-Benz Stadium,170,840,811816.8,4775.392941176471,296,228,316,2025-12-26 22:46:21.900544-08
2025-12-22,2026-08-04,Switzerland,Spain,Lumen Field,165,810,741328.5,4492.9,291,229,290,2025-12-26 22:46:21.900544-08
2025-12-22,2026-08-19,Croatia,Uruguay,Mercedes-Benz Stadium,144,722,674546.3000000002,4684.349305555556,283,223,216,2025-12-26 22:46:21.900544-08
2025-12-22,2026-07-29,Spain,South Africa,AT&T Stadium,142,720,659439.9,4643.942957746479,221,284,215,2025-12-26 22:46:21.900544-08
2025-12-22,2026-06-17,Spain,Uruguay,Lumen Field,150,731,652902.5,4352.683333333333,296,220,215,2025-12-26 22:46:21.900544-08
2025-12-22,2026-09-07,England,Uruguay,Mercedes-Benz Stadium,129,667,642688.2999999998,4982.079844961238,168,218,281,2025-12-26 22:46:21.900544-08
2025-12-22,2026-06-22,Spain,Uruguay,Mercedes-Benz Stadium,135,662,639689.9000000003,4738.443703703706,237,178,247,2025-12-26 22:46:21.900544-08
2025-12-22,2026-06-11,Argentina,South Africa,AT&T Stadium,135,678,639354.0000000001,4735.955555555556,218,230,230,2025-12-26 22:46:21.900544-08
2025-12-22,2026-07-01,Uruguay,Argentina,Mercedes-Benz Stadium,132,684,633318.3,4797.86590909091,235,238,211,2025-12-26 22:46:21.900544-08
2025-12-22,2026-08-03,France,South Africa,AT&T Stadium,141,664,587677.6000000001,4167.926241134753,258,271,135,2025-12-26 22:46:21.900544-08
2025-12-22,2026-08-27,Spain,Switzerland,BC Place,173,824,553197.5999999999,3197.6739884393055,279,223,322,2025-12-26 22:46:21.900544-08
2025-12-22,2026-07-09,Switzerland,Belgium,Lumen Field,129,600,540490.5,4189.8488372093025,165,211,224,2025-12-26 22:46:21.900544-08
2025-12-22,2026-07-10,Senegal,Belgium,BMO Field,158,841,525035.8000000002,3323.0113924050643,339,239,263,2025-12-26 22:46:21.900544-08
2025-12-22,2026-07-25,Switzerland,Belgium,Hard Rock Stadium,142,723,524844.0,3696.0845070422533,287,228,208,2025-12-26 22:46:21.900544-08
2025-12-22,2026-07-02,South Africa,Belgium,GEHA Field at Arrowhead Stadium,146,747,520500.00000000023,3565.0684931506867,271,233,243,2025-12-26 22:46:21.900544-08
2025-12-22,2026-07-19,South Africa,Belgium,BC Place,151,761,519955.2000000002,3443.4119205298025,231,196,334,2025-12-26 22:46:21.900544-08
2025-12-22,2026-08-30,Croatia,Spain,Hard Rock Stadium,153,731,518182.7999999998,3386.8156862745086,220,294,217,2025-12-26 22:46:21.900544-08
2025-12-22,2026-06-20,Uruguay,Switzerland,BC Place,151,808,518140.7999999997,3431.3960264900643,326,255,227,2025-12-26 22:46:21.900544-08
2025-12-22,2026-08-25,Croatia,England,BC Place,144,791,508096.80000000005,3528.4500000000003,304,255,232,2025-12-26 22:46:21.900544-08
2025-12-22,2026-07-15,Uruguay,South Africa,GEHA Field at Arrowhead Stadium,146,679,500582.1999999998,3428.6452054794504,194,172,313,2025-12-26 22:46:21.900544-08
2025-12-22,2026-09-01,France,Switzerland,BC Place,158,766,498311.9999999999,3153.8734177215183,280,238,248,2025-12-26 22:46:21.900544-08
2025-12-22,2026-06-28,Switzerland,England,Hard Rock Stadium,134,689,496662.0,3706.4328358208954,228,248,213,2025-12-26 22:46:21.900544-08
2025-12-22,2026-08-29,Argentina,France,Hard Rock Stadium,120,650,491611.2,4096.76,216,181,253,2025-12-26 22:46:21.900544-08
2025-12-22,2026-08-21,Croatia,Spain,BMO Field,156,786,489876.5999999998,3140.2346153846142,256,256,274,2025-12-26 22:46:21.900544-08
2025-12-22,2026-09-02,France,Uruguay,BC Place,147,759,485999.99999999994,3306.1224489795914,287,251,221,2025-12-26 22:46:21.900544-08
2025-12-22,2026-08-24,Uruguay,Argentina,GEHA Field at Arrowhead Stadium,147,729,482607.60000000003,3283.044897959184,285,278,166,2025-12-26 22:46:21.900544-08
2025-12-22,2026-07-16,France,Argentina,SoFi Stadium,146,744,480344.4000000001,3290.030136986302,196,267,281,2025-12-26 22:46:21.900544-08
2025-12-22,2026-08-02,France,Uruguay,GEHA Field at Arrowhead Stadium,143,698,479207.00000000006,3351.0979020979025,275,224,199,2025-12-26 22:46:21.900544-08
2025-12-22,2026-08-14,South Africa,Spain,GEHA Field at Arrowhead Stadium,128,688,473724.40000000026,3700.971875000002,262,222,204,2025-12-26 22:46:21.900544-08
2025-12-22,2026-08-31,Spain,France,BC Place,141,744,472197.5999999999,3348.9191489361697,245,275,224,2025-12-26 22:46:21.900544-08
2025-12-22,2026-06-27,Spain,Belgium,SoFi Stadium,156,738,471484.7999999998,3022.3384615384603,258,246,234,2025-12-26 22:46:21.900544-08
2025-12-22,2026-06-14,Senegal,Spain,SoFi Stadium,153,738,466862.40000000014,3051.3882352941187,230,272,236,2025-12-26 22:46:21.900544-08
2025-12-22,2026-07-03,Senegal,France,BC Place,147,714,466171.1999999999,3171.2326530612236,258,219,237,2025-12-26 22:46:21.900544-08
2025-12-22,2026-06-15,Spain,South Africa,GEHA Field at Arrowhead Stadium,137,687,460330.2000000001,3360.0744525547457,242,262,183,2025-12-26 22:46:21.900544-08
2025-12-22,2026-08-10,England,Senegal,SoFi Stadium,142,714,455113.80000000005,3205.026760563381,225,253,236,2025-12-26 22:46:21.900544-08
2025-12-22,2026-09-04,England,Spain,SoFi Stadium,153,703,446125.7999999999,2915.8549019607835,290,220,193,2025-12-26 22:46:21.900544-08
2025-12-22,2026-09-03,Croatia,Spain,BMO Field,132,713,442275.5000000002,3350.571969696971,230,239,244,2025-12-26 22:46:21.900544-08
2025-12-22,2026-07-31,South Africa,Belgium,SoFi Stadium,135,671,439063.8,3252.3244444444445,192,218,261,2025-12-26 22:46:21.900544-08
2025-12-22,2026-06-25,South Africa,Argentina,MetLife Stadium,147,791,438966.0,2986.1632653061224,270,224,297,2025-12-26 22:46:21.900544-08
2025-12-22,2026-06-24,England,Uruguay,GEHA Field at Arrowhead Stadium,136,618,434721.5999999998,3196.482352941175,216,187,215,2025-12-26 22:46:21.900544-08
2025-12-22,2026-06-13,Argentina,Spain,BMO Field,135,674,425191.1,3149.5637037037036,249,191,234,2025-12-26 22:46:21.900544-08
2025-12-22,2026-07-08,Uruguay,Croatia,SoFi Stadium,127,656,420959.4,3314.64094488189,211,223,222,2025-12-26 22:46:21.900544-08
2025-12-22,2026-07-12,Argentina,Senegal,BMO Field,128,664,410458.89999999997,3206.7101562499997,259,204,201,2025-12-26 22:46:21.900544-08
2025-12-22,2026-08-07,Spain,Senegal,BC Place,129,629,407591.99999999994,3159.627906976744,253,188,188,2025-12-26 22:46:21.900544-08
2025-12-22,2026-07-06,Belgium,Senegal,NRG Stadium,153,746,404929.9000000001,2646.6006535947718,255,264,227,2025-12-26 22:46:21.900544-08
2025-12-22,2026-08-18,Croatia,South Africa,BMO Field,133,664,403588.0,3034.496240601504,206,249,209,2025-12-26 22:46:21.900544-08
2025-12-22,2026-06-16,Uruguay,Switzerland,SoFi Stadium,133,622,396627.6,2982.1624060150375,184,226,212,2025-12-26 22:46:21.900544-08
2025-12-22,2026-07-05,South Africa,Spain,NRG Stadium,139,699,378536.99999999994,2723.2877697841723,135,302,262,2025-12-26 22:46:21.900544-08
2025-12-22,2026-09-09,Senegal,South Africa,NRG Stadium,127,641,361290.7000000001,2844.808661417324,204,194,243,2025-12-26 22:46:21.900544-08
2025-12-21,2026-06-18,Spain,France,AT&T Stadium,182,926,870954.7999999997,4785.465934065933,322,306,298,2025-12-26 22:46:21.900544-08
2025-12-21,2026-09-07,England,Uruguay,Mercedes-Benz Stadium,154,852,814627.8000000003,5289.790909090911,286,254,312,2025-12-26 22:46:21.900544-08
2025-12-21,2026-08-19,Croatia,Uruguay,Mercedes-Benz Stadium,161,832,796450.0,4946.894409937888,284,244,304,2025-12-26 22:46:21.900544-08
2025-12-21,2026-07-09,Switzerland,Belgium,Lumen Field,170,852,777576.0,4573.976470588235,340,228,284,2025-12-26 22:46:21.900544-08
2025-12-21,2026-06-11,Argentina,South Africa,AT&T Stadium,148,746,699517.4000000003,4726.46891891892,206,277,263,2025-12-26 22:46:21.900544-08
2025-12-21,2026-07-01,Uruguay,Argentina,Mercedes-Benz Stadium,148,712,685977.7000000003,4634.9844594594615,201,222,289,2025-12-26 22:46:21.900544-08
2025-12-21,2026-07-29,Spain,South Africa,AT&T Stadium,144,708,659439.9,4579.44375,263,237,208,2025-12-26 22:46:21.900544-08
2025-12-21,2026-06-22,Spain,Uruguay,Mercedes-Benz Stadium,129,677,645874.0999999999,5006.775968992247,214,211,252,2025-12-26 22:46:21.900544-08
2025-12-21,2026-09-06,South Africa,Croatia,Mercedes-Benz Stadium,137,652,621324.7,4535.216788321168,227,194,231,2025-12-26 22:46:21.900544-08
2025-12-21,2026-08-03,France,South Africa,AT&T Stadium,124,604,570420.7000000003,4600.166935483873,203,199,202,2025-12-26 22:46:21.900544-08
2025-12-21,2026-08-04,Switzerland,Spain,Lumen Field,123,619,554542.0,4508.471544715447,197,210,212,2025-12-26 22:46:21.900544-08
2025-12-21,2026-08-30,Croatia,Spain,Hard Rock Stadium,142,735,538020.0000000001,3788.8732394366207,233,251,251,2025-12-26 22:46:21.900544-08
2025-12-21,2026-09-04,England,Spain,SoFi Stadium,159,810,535427.9999999997,3367.4716981132055,260,235,315,2025-12-26 22:46:21.900544-08
2025-12-21,2026-08-31,Spain,France,BC Place,157,799,533304.0,3396.8407643312103,233,243,323,2025-12-26 22:46:21.900544-08
2025-12-21,2026-06-17,Spain,Uruguay,Lumen Field,129,596,521874.5,4045.5387596899227,151,244,201,2025-12-26 22:46:21.900544-08
2025-12-21,2026-07-15,Uruguay,South Africa,GEHA Field at Arrowhead Stadium,153,747,519459.00000000006,3395.1568627450984,224,259,264,2025-12-26 22:46:21.900544-08
2025-12-21,2026-06-13,Argentina,Spain,BMO Field,150,809,513769.9999999999,3425.1333333333328,279,230,300,2025-12-26 22:46:21.900544-08
2025-12-21,2026-08-24,Uruguay,Argentina,GEHA Field at Arrowhead Stadium,132,707,498361.3999999999,3775.465151515151,298,186,223,2025-12-26 22:46:21.900544-08
2025-12-21,2026-06-15,Spain,South Africa,GEHA Field at Arrowhead Stadium,142,709,491837.8000000003,3463.6464788732414,238,236,235,2025-12-26 22:46:21.900544-08
2025-12-21,2026-07-25,Switzerland,Belgium,Hard Rock Stadium,133,655,490439.9999999999,3687.5187969924805,197,204,254,2025-12-26 22:46:21.900544-08
2025-12-21,2026-08-27,Spain,Switzerland,BC Place,145,724,488397.6,3368.2593103448276,225,200,299,2025-12-26 22:46:21.900544-08
2025-12-21,2026-08-18,Croatia,South Africa,BMO Field,142,746,482758.1000000001,3399.7049295774655,283,175,288,2025-12-26 22:46:21.900544-08
2025-12-21,2026-08-14,South Africa,Spain,GEHA Field at Arrowhead Stadium,130,719,481705.39999999985,3705.426153846153,212,295,212,2025-12-26 22:46:21.900544-08
2025-12-21,2026-06-28,Switzerland,England,Hard Rock Stadium,136,667,481656.00000000006,3541.588235294118,243,227,197,2025-12-26 22:46:21.900544-08
2025-12-21,2026-07-12,Argentina,Senegal,BMO Field,151,755,475701.4999999998,3150.341059602648,314,198,243,2025-12-26 22:46:21.900544-08
2025-12-21,2026-08-10,England,Senegal,SoFi Stadium,144,740,475079.9999999999,3299.166666666666,298,221,221,2025-12-26 22:46:21.900544-08
2025-12-21,2026-06-20,Uruguay,Switzerland,BC Place,144,747,474724.8000000002,3296.7000000000016,245,275,227,2025-12-26 22:46:21.900544-08
2025-12-21,2026-07-10,Senegal,Belgium,BMO Field,149,754,472297.0000000002,3169.778523489934,288,218,248,2025-12-26 22:46:21.900544-08
2025-12-21,2026-08-02,France,Uruguay,GEHA Field at Arrowhead Stadium,125,673,471642.3999999998,3773.1391999999983,245,203,225,2025-12-26 22:46:21.900544-08
2025-12-21,2026-08-07,Spain,Senegal,BC Place,148,734,465523.20000000007,3145.4270270270276,200,293,241,2025-12-26 22:46:21.900544-08
2025-12-21,2026-09-03,Croatia,Spain,BMO Field,150,749,461216.90000000014,3074.7793333333343,264,249,236,2025-12-26 22:46:21.900544-08
2025-12-21,2026-06-14,Senegal,Spain,SoFi Stadium,135,721,461148.6,3415.9155555555553,226,252,243,2025-12-26 22:46:21.900544-08
2025-12-21,2026-08-21,Croatia,Spain,BMO Field,149,764,458431.4,3076.7208053691274,274,284,206,2025-12-26 22:46:21.900544-08
2025-12-21,2026-09-01,France,Switzerland,BC Place,137,679,454960.80000000005,3320.881751824818,240,181,258,2025-12-26 22:46:21.900544-08
2025-12-21,2026-06-24,England,Uruguay,GEHA Field at Arrowhead Stadium,128,669,453667.8,3544.2796875,224,248,197,2025-12-26 22:46:21.900544-08
2025-12-21,2026-07-08,Uruguay,Croatia,SoFi Stadium,127,686,447730.79999999993,3525.4393700787396,226,211,249,2025-12-26 22:46:21.900544-08
2025-12-21,2026-07-19,South Africa,Belgium,BC Place,141,676,445435.2,3159.114893617021,256,191,229,2025-12-26 22:46:21.900544-08
2025-12-21,2026-08-25,Croatia,England,BC Place,134,646,435132.0,3247.2537313432836,197,182,267,2025-12-26 22:46:21.900544-08
2025-12-21,2026-07-02,South Africa,Belgium,GEHA Field at Arrowhead Stadium,133,639,430141.2,3234.144360902256,189,257,193,2025-12-26 22:46:21.900544-08
2025-12-21,2026-09-02,France,Uruguay,BC Place,133,674,428976.00000000006,3225.383458646617,208,253,213,2025-12-26 22:46:21.900544-08
2025-12-21,2026-07-16,France,Argentina,SoFi Stadium,129,689,423655.80000000016,3284.153488372094,164,311,214,2025-12-26 22:46:21.900544-08
2025-12-21,2026-06-27,Spain,Belgium,SoFi Stadium,119,624,417556.8,3508.8806722689073,240,148,236,2025-12-26 22:46:21.900544-08
2025-12-21,2026-07-31,South Africa,Belgium,SoFi Stadium,130,650,416144.3999999999,3201.1107692307687,212,222,216,2025-12-26 22:46:21.900544-08
2025-12-21,2026-07-05,South Africa,Spain,NRG Stadium,147,737,409227.7,2783.861904761905,200,259,278,2025-12-26 22:46:21.900544-08
2025-12-21,2026-06-16,Uruguay,Switzerland,SoFi Stadium,139,654,405808.1999999999,2919.4834532374093,255,236,163,2025-12-26 22:46:21.900544-08
2025-12-21,2026-07-03,Senegal,France,BC Place,127,615,391910.4000000001,3085.9086614173234,215,217,183,2025-12-26 22:46:21.900544-08
2025-12-21,2026-09-09,Senegal,South Africa,NRG Stadium,133,692,384432.7000000002,2890.47142857143,253,210,229,2025-12-26 22:46:21.900544-08
2025-12-21,2026-08-29,Argentina,France,Hard Rock Stadium,117,530,382250.3999999999,3267.097435897435,158,199,173,2025-12-26 22:46:21.900544-08
2025-12-21,2026-06-25,South Africa,Argentina,MetLife Stadium,137,682,363582.0,2653.883211678832,235,238,209,2025-12-26 22:46:21.900544-08
2025-12-21,2026-07-06,Belgium,Senegal,NRG Stadium,129,638,344430.1,2670.0007751937983,213,234,191,2025-12-26 22:46:21.900544-08
2025-12-20,2026-06-11,Argentina,South Africa,AT&T Stadium,154,819,780803.9999999999,5070.155844155844,261,264,294,2025-12-26 22:46:21.900544-08
2025-12-20,2026-06-18,Spain,France,AT&T Stadium,158,807,763547.1000000003,4832.576582278483,268,265,274,2025-12-26 22:46:21.900544-08
2025-12-20,2026-06-22,Spain,Uruguay,Mercedes-Benz Stadium,150,804,753347.9999999998,5022.319999999999,324,240,240,2025-12-26 22:46:21.900544-08
2025-12-20,2026-08-19,Croatia,Uruguay,Mercedes-Benz Stadium,157,770,734420.5999999999,4677.838216560509,282,221,267,2025-12-26 22:46:21.900544-08
2025-12-20,2026-06-17,Spain,Uruguay,Lumen Field,162,798,709377.0,4378.87037037037,232,292,274,2025-12-26 22:46:21.900544-08
2025-12-20,2026-08-04,Switzerland,Spain,Lumen Field,148,779,675993.5,4567.523648648648,228,315,236,2025-12-26 22:46:21.900544-08
2025-12-20,2026-07-01,Uruguay,Argentina,Mercedes-Benz Stadium,139,726,669018.0000000001,4813.079136690649,278,244,204,2025-12-26 22:46:21.900544-08
2025-12-20,2026-07-09,Switzerland,Belgium,Lumen Field,149,711,610569.0,4097.778523489933,223,292,196,2025-12-26 22:46:21.900544-08
2025-12-20,2026-09-06,South Africa,Croatia,Mercedes-Benz Stadium,136,641,606239.0,4457.639705882353,239,191,211,2025-12-26 22:46:21.900544-08
2025-12-20,2026-08-03,France,South Africa,AT&T Stadium,130,609,585320.0999999997,4502.462307692305,260,155,194,2025-12-26 22:46:21.900544-08
2025-12-20,2026-08-30,Croatia,Spain,Hard Rock Stadium,159,787,574766.3999999997,3614.8830188679226,335,229,223,2025-12-26 22:46:21.900544-08
2025-12-20,2026-07-29,Spain,South Africa,AT&T Stadium,133,609,555898.4999999999,4179.687969924811,170,252,187,2025-12-26 22:46:21.900544-08
2025-12-20,2026-07-03,Senegal,France,BC Place,152,809,541727.9999999999,3563.999999999999,289,215,305,2025-12-26 22:46:21.900544-08
2025-12-20,2026-08-31,Spain,France,BC Place,161,812,539200.7999999998,3349.0732919254647,271,237,304,2025-12-26 22:46:21.900544-08
2025-12-20,2026-08-29,Argentina,France,Hard Rock Stadium,157,761,538386.0000000001,3429.2101910828032,242,302,217,2025-12-26 22:46:21.900544-08
2025-12-20,2026-07-02,South Africa,Belgium,GEHA Field at Arrowhead Stadium,143,739,532853.1999999997,3726.246153846152,257,193,289,2025-12-26 22:46:21.900544-08
2025-12-20,2026-09-07,England,Uruguay,Mercedes-Benz Stadium,111,576,527343.6000000001,4750.843243243244,198,211,167,2025-12-26 22:46:21.900544-08
2025-12-20,2026-09-02,France,Uruguay,BC Place,164,794,517427.99999999994,3155.0487804878044,249,265,280,2025-12-26 22:46:21.900544-08
2025-12-20,2026-07-15,Uruguay,South Africa,GEHA Field at Arrowhead Stadium,144,735,515919.59999999986,3582.774999999999,197,255,283,2025-12-26 22:46:21.900544-08
2025-12-20,2026-06-28,Switzerland,England,Hard Rock Stadium,137,686,512692.8000000003,3742.283211678834,184,227,275,2025-12-26 22:46:21.900544-08
2025-12-20,2026-07-31,South Africa,Belgium,SoFi Stadium,149,814,510839.39999999985,3428.4523489932876,281,297,236,2025-12-26 22:46:21.900544-08
2025-12-20,2026-08-24,Uruguay,Argentina,GEHA Field at Arrowhead Stadium,149,724,509534.79999999993,3419.6966442953017,202,244,278,2025-12-26 22:46:21.900544-08
2025-12-20,2026-08-25,Croatia,England,BC Place,161,795,502718.39999999985,3122.47453416149,209,325,261,2025-12-26 22:46:21.900544-08
2025-12-20,2026-07-05,South Africa,Spain,NRG Stadium,182,909,501354.9,2754.697252747253,340,283,286,2025-12-26 22:46:21.900544-08
2025-12-20,2026-06-24,England,Uruguay,GEHA Field at Arrowhead Stadium,148,709,497459.1999999999,3361.21081081081,235,224,250,2025-12-26 22:46:21.900544-08
2025-12-20,2026-08-02,France,Uruguay,GEHA Field at Arrowhead Stadium,145,718,488298.4,3367.575172413793,262,252,204,2025-12-26 22:46:21.900544-08
2025-12-20,2026-07-25,Switzerland,Belgium,Hard Rock Stadium,141,673,480118.80000000016,3405.097872340427,234,248,191,2025-12-26 22:46:21.900544-08
2025-12-20,2026-08-14,South Africa,Spain,GEHA Field at Arrowhead Stadium,140,719,480039.79999999993,3428.855714285714,268,271,180,2025-12-26 22:46:21.900544-08
2025-12-20,2026-07-12,Argentina,Senegal,BMO Field,158,766,473225.50000000006,2995.098101265823,233,269,264,2025-12-26 22:46:21.900544-08
2025-12-20,2026-07-06,Belgium,Senegal,NRG Stadium,153,836,468901.00000000006,3064.712418300654,230,278,328,2025-12-26 22:46:21.900544-08
2025-12-20,2026-09-01,France,Switzerland,BC Place,147,735,468309.6,3185.7795918367347,294,241,200,2025-12-26 22:46:21.900544-08
2025-12-20,2026-07-16,France,Argentina,SoFi Stadium,154,755,467761.2000000002,3037.4103896103907,263,290,202,2025-12-26 22:46:21.900544-08
2025-12-20,2026-08-18,Croatia,South Africa,BMO Field,148,744,464064.30000000016,3135.569594594596,197,264,283,2025-12-26 22:46:21.900544-08
2025-12-20,2026-07-19,South Africa,Belgium,BC Place,144,707,462024.0000000002,3208.5000000000014,163,262,282,2025-12-26 22:46:21.900544-08
2025-12-20,2026-06-14,Senegal,Spain,SoFi Stadium,145,718,459029.9999999997,3165.7241379310326,288,220,210,2025-12-26 22:46:21.900544-08
2025-12-20,2026-09-03,Croatia,Spain,BMO Field,143,722,455460.2000000002,3185.036363636365,232,222,268,2025-12-26 22:46:21.900544-08
2025-12-20,2026-07-10,Senegal,Belgium,BMO Field,149,730,452612.79999999993,3037.669798657718,198,264,268,2025-12-26 22:46:21.900544-08
2025-12-20,2026-06-13,Argentina,Spain,BMO Field,137,703,441285.1,3221.059124087591,230,220,253,2025-12-26 22:46:21.900544-08
2025-12-20,2026-07-08,Uruguay,Croatia,SoFi Stadium,153,693,440091.0,2876.4117647058824,244,237,212,2025-12-26 22:46:21.900544-08
2025-12-20,2026-08-21,Croatia,Spain,BMO Field,133,674,438375.79999999993,3296.058646616541,284,138,252,2025-12-26 22:46:21.900544-08
2025-12-20,2026-08-10,England,Senegal,SoFi Stadium,136,681,432001.8,3176.483823529412,202,253,226,2025-12-26 22:46:21.900544-08
2025-12-20,2026-09-04,England,Spain,SoFi Stadium,146,710,430011.59999999986,2945.2849315068484,244,300,166,2025-12-26 22:46:21.900544-08
2025-12-20,2026-08-27,Spain,Switzerland,BC Place,141,653,419450.40000000014,2974.825531914895,202,235,216,2025-12-26 22:46:21.900544-08
2025-12-20,2026-06-15,Spain,South Africa,GEHA Field at Arrowhead Stadium,134,611,418829.0,3125.589552238806,206,215,190,2025-12-26 22:46:21.900544-08
2025-12-20,2026-06-16,Uruguay,Switzerland,SoFi Stadium,136,677,412485.00000000006,3032.977941176471,210,291,176,2025-12-26 22:46:21.900544-08
2025-12-20,2026-06-20,Uruguay,Switzerland,BC Place,123,655,411026.3999999999,3341.678048780487,172,276,207,2025-12-26 22:46:21.900544-08
2025-12-20,2026-06-25,South Africa,Argentina,MetLife Stadium,143,733,401652.0,2808.755244755245,257,220,256,2025-12-26 22:46:21.900544-08
2025-12-20,2026-08-07,Spain,Senegal,BC Place,138,616,398001.59999999986,2884.0695652173904,210,206,200,2025-12-26 22:46:21.900544-08
2025-12-20,2026-06-27,Spain,Belgium,SoFi Stadium,124,599,391876.8,3160.296774193548,205,178,216,2025-12-26 22:46:21.900544-08
2025-12-20,2026-09-09,Senegal,South Africa,NRG Stadium,141,685,380079.79999999993,2695.601418439716,249,210,226,2025-12-26 22:46:21.900544-08
2025-12-19,2026-06-22,Spain,Uruguay,Mercedes-Benz Stadium,114,615,602397.3000000002,5284.186842105265,200,161,254,2025-12-26 22:46:21.900544-08
2025-12-19,2026-06-18,Spain,France,AT&T Stadium,126,632,600785.2999999998,4768.1373015873005,225,195,212,2025-12-26 22:46:21.900544-08
2025-12-19,2026-09-07,England,Uruguay,Mercedes-Benz Stadium,132,656,599492.6000000001,4541.610606060607,222,244,190,2025-12-26 22:46:21.900544-08
2025-12-19,2026-07-09,Switzerland,Belgium,Lumen Field,132,656,575037.5,4356.344696969697,257,222,177,2025-12-26 22:46:21.900544-08
2025-12-19,2026-06-11,Argentina,South Africa,AT&T Stadium,123,595,563913.9999999997,4584.666666666664,179,203,213,2025-12-26 22:46:21.900544-08
2025-12-19,2026-08-03,France,South Africa,AT&T Stadium,114,582,553352.4,4853.968421052632,224,171,187,2025-12-26 22:46:21.900544-08
2025-12-19,2026-07-01,Uruguay,Argentina,Mercedes-Benz Stadium,111,566,530904.2,4782.92072072072,256,154,156,2025-12-26 22:46:21.900544-08
2025-12-19,2026-06-17,Spain,Uruguay,Lumen Field,116,601,530377.0,4572.2155172413795,241,194,166,2025-12-26 22:46:21.900544-08
2025-12-19,2026-07-29,Spain,South Africa,AT&T Stadium,116,590,526099.7000000001,4535.3422413793105,231,233,126,2025-12-26 22:46:21.900544-08
2025-12-19,2026-09-06,South Africa,Croatia,Mercedes-Benz Stadium,120,552,516380.70000000007,4303.172500000001,131,212,209,2025-12-26 22:46:21.900544-08
2025-12-19,2026-08-24,Uruguay,Argentina,GEHA Field at Arrowhead Stadium,137,669,485730.60000000003,3545.4788321167885,232,167,270,2025-12-26 22:46:21.900544-08
2025-12-19,2026-08-19,Croatia,Uruguay,Mercedes-Benz Stadium,111,530,485084.9,4370.134234234234,243,164,123,2025-12-26 22:46:21.900544-08
2025-12-19,2026-08-30,Croatia,Spain,Hard Rock Stadium,124,631,459915.6,3708.9967741935484,180,230,221,2025-12-26 22:46:21.900544-08
2025-12-19,2026-08-04,Switzerland,Spain,Lumen Field,103,499,452780.5,4395.92718446602,158,159,182,2025-12-26 22:46:21.900544-08
2025-12-19,2026-08-10,England,Senegal,SoFi Stadium,133,679,448436.99999999965,3371.7067669172907,208,203,268,2025-12-26 22:46:21.900544-08
2025-12-19,2026-08-14,South Africa,Spain,GEHA Field at Arrowhead Stadium,120,627,429516.6000000001,3579.3050000000007,214,220,193,2025-12-26 22:46:21.900544-08
2025-12-19,2026-08-29,Argentina,France,Hard Rock Stadium,106,564,427780.7999999998,4035.6679245283003,232,132,200,2025-12-26 22:46:21.900544-08
2025-12-19,2026-08-18,Croatia,South Africa,BMO Field,137,681,425810.10000000015,3108.10291970803,236,211,234,2025-12-26 22:46:21.900544-08
2025-12-19,2026-06-16,Uruguay,Switzerland,SoFi Stadium,125,632,413447.99999999994,3307.5839999999994,270,161,201,2025-12-26 22:46:21.900544-08
2025-12-19,2026-07-15,Uruguay,South Africa,GEHA Field at Arrowhead Stadium,112,610,412305.3999999999,3681.2982142857136,209,227,174,2025-12-26 22:46:21.900544-08
2025-12-19,2026-07-31,South Africa,Belgium,SoFi Stadium,123,638,409981.1999999999,3333.180487804877,224,206,208,2025-12-26 22:46:21.900544-08
2025-12-19,2026-07-25,Switzerland,Belgium,Hard Rock Stadium,117,568,408968.39999999973,3495.456410256408,157,221,190,2025-12-26 22:46:21.900544-08
2025-12-19,2026-09-02,France,Uruguay,BC Place,126,609,408045.6,3238.4571428571426,184,178,247,2025-12-26 22:46:21.900544-08
2025-12-19,2026-07-08,Uruguay,Croatia,SoFi Stadium,127,624,401956.19999999984,3165.0094488188965,175,221,228,2025-12-26 22:46:21.900544-08
2025-12-19,2026-07-02,South Africa,Belgium,GEHA Field at Arrowhead Stadium,117,570,396204.5999999999,3386.364102564102,189,189,192,2025-12-26 22:46:21.900544-08
2025-12-19,2026-06-28,Switzerland,England,Hard Rock Stadium,105,539,396085.2,3772.2400000000002,214,159,166,2025-12-26 22:46:21.900544-08
2025-12-19,2026-07-03,Senegal,France,BC Place,128,619,392558.4000000002,3066.8625000000015,273,195,151,2025-12-26 22:46:21.900544-08
2025-12-19,2026-06-24,England,Uruguay,GEHA Field at Arrowhead Stadium,116,554,389472.8,3357.5241379310346,188,171,195,2025-12-26 22:46:21.900544-08
2025-12-19,2026-06-14,Senegal,Spain,SoFi Stadium,119,611,388987.8000000001,3268.8050420168074,148,240,223,2025-12-26 22:46:21.900544-08
2025-12-19,2026-07-19,South Africa,Belgium,BC Place,109,571,385948.80000000005,3540.814678899083,241,124,206,2025-12-26 22:46:21.900544-08
2025-12-19,2026-06-13,Argentina,Spain,BMO Field,126,623,385079.9000000001,3056.189682539683,252,187,184,2025-12-26 22:46:21.900544-08
2025-12-19,2026-09-01,France,Switzerland,BC Place,119,596,383292.0000000003,3220.9411764705906,203,204,189,2025-12-26 22:46:21.900544-08
2025-12-19,2026-06-20,Uruguay,Switzerland,BC Place,131,593,377848.80000000005,2884.3419847328246,240,193,160,2025-12-26 22:46:21.900544-08
2025-12-19,2026-06-15,Spain,South Africa,GEHA Field at Arrowhead Stadium,112,524,377605.4000000001,3371.4767857142865,161,148,215,2025-12-26 22:46:21.900544-08
2025-12-19,2026-08-21,Croatia,Spain,BMO Field,124,580,373875.99999999994,3015.129032258064,224,138,218,2025-12-26 22:46:21.900544-08
2025-12-19,2026-07-05,South Africa,Spain,NRG Stadium,130,659,371208.7000000001,2855.4515384615393,226,192,241,2025-12-26 22:46:21.900544-08
2025-12-19,2026-09-04,England,Spain,SoFi Stadium,122,563,369727.80000000016,3030.5557377049195,178,171,214,2025-12-26 22:46:21.900544-08
2025-12-19,2026-09-03,Croatia,Spain,BMO Field,122,576,364157.70000000007,2984.8991803278695,161,187,228,2025-12-26 22:46:21.900544-08
2025-12-19,2026-08-02,France,Uruguay,GEHA Field at Arrowhead Stadium,98,509,360532.9999999999,3678.908163265305,144,165,200,2025-12-26 22:46:21.900544-08
2025-12-19,2026-08-27,Spain,Switzerland,BC Place,116,549,359445.60000000003,3098.6689655172418,182,174,193,2025-12-26 22:46:21.900544-08
2025-12-19,2026-08-31,Spain,France,BC Place,114,565,359121.60000000015,3150.189473684212,171,215,179,2025-12-26 22:46:21.900544-08
2025-12-19,2026-07-10,Senegal,Belgium,BMO Field,113,583,358277.19999999995,3170.5946902654864,175,211,197,2025-12-26 22:46:21.900544-08
2025-12-19,2026-08-07,Spain,Senegal,BC Place,112,560,356075.9999999999,3179.249999999999,205,195,160,2025-12-26 22:46:21.900544-08
2025-12-19,2026-07-16,France,Argentina,SoFi Stadium,115,553,350403.5999999999,3046.987826086956,149,214,190,2025-12-26 22:46:21.900544-08
2025-12-19,2026-06-25,South Africa,Argentina,MetLife Stadium,129,633,346842.0,2688.6976744186045,226,188,219,2025-12-26 22:46:21.900544-08
2025-12-19,2026-09-09,Senegal,South Africa,NRG Stadium,131,633,337707.8999999999,2577.922900763358,240,230,163,2025-12-26 22:46:21.900544-08
2025-12-19,2026-07-12,Argentina,Senegal,BMO Field,110,534,334631.4,3042.1036363636367,166,173,195,2025-12-26 22:46:21.900544-08
2025-12-19,2026-06-27,Spain,Belgium,SoFi Stadium,95,479,317340.6000000001,3340.4273684210534,152,138,189,2025-12-26 22:46:21.900544-08
2025-12-19,2026-08-25,Croatia,England,BC Place,104,495,309484.79999999993,2975.815384615384,235,159,101,2025-12-26 22:46:21.900544-08
2025-12-19,2026-07-06,Belgium,Senegal,NRG Stadium,107,512,279467.2,2611.8429906542056,188,170,154,2025-12-26 22:46:21.900544-08
